Image_ID,Label
nRhHxqLhDlJsiXc,0.9999999
gbSntVovxgHQrmO,1.0
nqOobGmvgEOiPms,0.99999976
oIkPTooLcIbZKlF,0.9999999
eSKxsTTJDQzkjgD,0.99999976
fGOKonqqErFfiuK,0.9999995
UZPfNzWrCgFaaNz,0.9999999
kvesbcrtTOohiLT,0.9999999
cdEZEDZaveknkKa,0.9999994
GaSSOeqyIktsAmW,0.99999475
HPeQFgWaAXYUudP,1.0
QCiNkpJJqhUrhJw,1.0
ZghFqBtZjgFNhEd,1.0
IypiZpxWuQzqFtX,1.0
MpjOfMFyHcLtxEe,0.99994683
jtyOoBrAZpMYhPd,1.0
xKSvNuUFXtfsxcL,1.0
PxzQoNBqWwxhxHU,0.9999999
eBIGOMITtVDxgco,0.99999464
YGldCVpEhmDhCfB,1.0
YsIrfIbUTFAVLuA,1.0
BADSMkRmwapihnH,1.0
zRjjLRTcHldvsDO,0.9999999
uxiNbcCqYnHBdoT,0.99999964
MEPpiRYJgJLRYpW,1.0
YIUlgjNqemMwGtW,1.0
jBduUjHTqYJvtVv,1.0
yXCylbJUfTvbPcj,1.0
OcTWRvWjeDQRbVu,0.9999989
UIRJNpxPYfnOkVk,0.9999999
liaachxlQBtQtrt,1.0
FRoaAYgXCZAbqhT,0.9999999
XpVRWdOwHqgrAwd,0.9999999
jesIJJxSBMDKKkU,1.0
mQTgbtIqRFbiHKR,0.99999416
kYCaCaWHAwiixcL,1.0
dRjdzOaYOPfIXqT,0.9999993
kqiEGxhjuxITUrt,1.0
MGIEIPuEyTyUKoG,0.9999999
KChuIIZYEbXokqa,1.0
nOXmmOnZRUrsMsN,0.99999547
blahbLZUXmUQjfs,0.9999944
rgLzgwLcEsqQoFB,0.9999988
eIVcQkttSPownJW,1.0
ZSfWLxjUSwJFMHj,0.9999999
oBzJltkaseFBkGv,1.0
pNtLdgurKfkyZGk,0.9999999
DvwHNDZgHvhExzq,0.99999976
VVEizBVchRknozY,1.0
SwtfDkGcdFdwKhn,0.9999999
SzRvJnmKavZsRDr,0.99999976
ntRzuMHumxJhCbk,0.9999999
NVnfyexBrFknKnQ,0.99999607
VEkCOPvKkAuXpmm,0.99999976
DRCxXJxxcewFNiy,1.0
hbpVKqpWQHCqWCV,0.9999999
MNuHMWYdgfOZhTk,0.9999999
RtMQAXGzjCOsAsl,0.99999976
VlSBtCMhjvudWvL,0.99999964
wspbQyiHSHvjuPq,1.0
UiyOTzcWAlZwtwb,0.9999999
yuCrUdeBQEglGyM,0.99999905
IfFFTqrtbBBkAtf,1.0
VPCrkGLywRqsZQE,0.99999976
QDirabKPmUVazFh,0.99999976
VAdMyfpEssvJSxJ,1.0
yJbdMABCMoLmxcI,0.9999999
eXSnwvQRpcKcQSq,0.99999523
wIHAcpLznCzlNRq,0.99999976
YEewfeCAcfLJxVB,1.0
IOnpgdLVOPLMvja,1.0
xrnISxmaDgyoNDg,0.9999956
DUiDHmwpnawEJac,1.0
SWthuAWHktIDZzR,1.0
GlvTePeJYywzFob,0.9999999
zdWBMXILWOSUdNR,0.9999999
WosNPjFhdvAwrqP,0.9999995
KEQVyOjYBjDhwna,0.9999999
EIIhzgfBIPhKJJs,0.9999999
GimXkKSJQXtPidy,1.0
EqoddbdEWkfFJWe,0.99999976
aBJfiAhyCGdJcdd,0.99999964
aWcEuhNurwitUkM,0.9999999
gBpcrdEZwAOrGzm,1.0
UJMiOnCbGTyyFSh,0.99999976
oZxooqxYkEhrrvv,1.0
nIpAESrtAnvZgAF,0.99993646
beEztzrByabrcHP,0.9999994
UDNtJpAHrVbImZN,0.99999845
MuCWFwiyleFamej,1.0
PpjNUqQmXbJXeZn,0.99999905
gqipKOPhkKxPgXA,1.0
iOPsTjkwXHGqMIG,0.99999976
nOvXqhAlMQPCaYM,0.9999994
FlwSRiXGcKMpjsp,1.0
BeAVnZczJKnLHkp,1.0
rKWiEbiamZUIMFX,0.99999976
fwhETKOArupQijQ,1.0
tufxAMWbhcyoabs,1.0
aljEXHqGarOTjtT,0.9999999
RmDHwLtXbDUTqBP,0.99999785
uUWPlqKVkFUXjwR,0.99999666
utfRbnfKwLvPajl,0.9999994
aYUNBkPUOeVojJr,1.0
uYefLcooIuBNXkT,0.99999964
ADTbLwWfdRwReul,0.9999957
vrKVYZBacGhnoBl,1.0
bbsKBYZEmVAgjsq,0.9999999
scPtfWLPIvTuzyc,1.0
EMgYfHWScUoxKPz,0.99999857
yzHXAwOUNQbdvdA,0.99999976
iugMYhGLSrZPisK,0.99999976
bpKOXzguXWZGKns,0.9999999
YwsctieTDJSewUc,0.99999964
gnlrOlFiPjuQcIB,0.99999774
EgogsvxrMBSaqcl,0.9999999
YNSoezaCiKacRUZ,0.9999999
hsRdEbTCndPeVtV,0.9999945
ujIopmCTHooHzGQ,1.0
tpPtjwlcaRExHZa,1.0
YuXHYzHerdifpDF,1.0
SqXgINaVAtUxCav,1.0
UQhapaFQrodlyIJ,0.99999964
wQRkGSYkJGQrspl,0.99999976
oKccAERsKEbLsEe,1.0
CfgpcmhjifXxJps,1.0
wPNoRvGfFtVhKis,1.0
rqVFzruWRDTmQRU,1.0
HqbWLVaZjRQTNKG,1.0
ZEhJSAOKxpxWkiz,0.9999999
DYAgvMmyaJGRjuX,1.0
ujaqnROylyQTXZt,0.9999994
WLvZfUoGqfDQiQX,0.9999999
qQqMlAujzgUqyZz,0.99999917
GYyqQtfcMxUbADi,0.99999964
BclHkIsxzLxKblb,0.9999999
YjpwkpmcysgvgNq,0.9999999
dhTtKYfPjaljBSN,0.99999833
oOZkCHeYvXJKXtG,1.0
DIlxxqSnVrivKlJ,0.9999999
cuNDKuTFtPrnThZ,0.9999969
vyDAqQrfMivZXKr,1.0
fEVgGAsTvVZCQue,1.0
yTMTpOTYUIDnhil,0.99999845
cmlqluykjXAMJAp,0.99999774
GkBygYyVYFQIdWt,0.9999999
feaDRAhtqQGEPgT,0.99999535
pjvovmocmrdFNvU,0.9999999
WoDSAVIKygzUDqR,0.9999995
WZMhnlbnmrZwRFd,1.0
cHPakBvGLbNbRiY,0.99999964
YugfWICQvLtpWgh,1.0
TiIDbcaJeBAqyGs,0.99999905
LabqSvlRqAlogeI,0.99999917
owgPcGwZuTyxFxt,0.9999988
aTfSOcEzjIdGrYk,0.9999999
eQldpcrmFBJPOZE,0.99999833
fxCTrUcciCiUYVH,0.9999994
oCyUlEaOTufuQLz,0.9999976
dVMDasIqzWLKWBN,0.9999999
BarINKbSAYIvfxl,0.9999999
gvEZnTMIqSjBOmu,1.0
IuseYbfpCMApjma,1.0
gfjwBmDvqDfftDQ,0.99996245
AFDbfuMGEQCzsYb,1.0
kyCshCvxzRngSPg,0.9999999
OBGejzdNgFudtDi,0.99999976
XuUHBBBFufLjYhf,1.0
SpXcKYaFPbsCNZC,1.0
RmAVNvKBnjvUEGs,1.0
YuJUhIdmxFaNKsh,0.9999776
TBXVnoXuFiMIRsA,1.0
UXDhLMNUfhNcPHw,0.99999976
KYLhPSImvpOERwt,1.0
clavnlMOlmppeHN,0.99999976
NmMhyznAwuJKUyA,0.99999964
kCMVRuroKZTxZJU,0.9999999
LcyDGaJpJYOlXyo,0.9999993
uuvDipOuFRTIVWE,1.0
vjnbqBqQFwZjCVb,1.0
bEPhrADQOTUHrDf,0.99999976
nefNWdwvQHxYrGV,1.0
HSfLRQQtSmKCMLD,0.9999999
slYrjWaqjnIoMOl,0.99999857
VZlJgrKsOZUmJZz,0.9999999
ccmQprFjlcLTJKE,0.99999976
VKlPlCeXFWFZtMH,0.9999987
chrcXxwrTFZhNsh,1.0
SLmyljqNmQYyxNZ,1.0
iPpzzVEMtpHceRV,0.99999976
WmiAjwRGpMaKaEo,1.0
aBlHFmxdJwJnAra,0.9999999
LXFofMxsIBEwChC,1.0
NCAuIGsyKIIOAOE,1.0
dzjTnvxIlykbOBJ,0.999995
VkAWJYhPMtkQxwc,0.9999999
eecEpSEWbGbpJQe,1.0
QGpkMgiSTfqtakb,0.99999976
BUaJrIQKEmYDPrE,1.0
TbtZagzkGXxDtTe,0.9999995
GDdVEUWvXuJJeLg,0.9999999
YizDlhkOysWMGeq,0.99999976
QjKmCxDeRwxRSbJ,0.9999999
botkuuxicylplCC,0.9999999
lWwzlHtsrxVpHfs,1.0
WAQGQQBpEmqTbeE,0.9999999
VqvLjYUrCcWJNZm,0.9999993
RkIEgtUggfusSBy,0.9999765
PCqDrGZQITMGABX,0.99999976
KBZyFtuFoKsCYeg,1.0
kTGWMOvJocStNVd,0.99999976
ajDqDSAnXaPDSkQ,0.99999917
ETUVeihsSWHCmOh,1.0
oWTozxNLfKbZVjb,1.0
FspPsAmnCuwMBfi,1.0
UZOAAQxfQtGjJHr,0.9999999
XsddZMXSGWqLDJa,0.9999988
pKoyKvtRjEPhwYa,0.9999999
CaAhvyLrYiYSXKQ,0.99999976
IgEeVswuGwOQaBY,0.9999999
yvRLbLVgBUSRCMI,0.9999999
wcBqLiLUlyElrTq,1.0
OrKxtjEstiDAeEF,0.99998045
IkKdOtaFnfUVfSv,0.9999999
OtQODlLxgyCzVYA,0.99999976
lUFuNYujpISlNWZ,0.9999999
PKDWoytVkvVlUZf,0.99999714
ZfBZKrTIdoJKGDD,0.9999988
BvnjPtKMSOvJYTU,1.0
QfLhhGbitKgRtzU,0.9999958
QsmqKyHPRjagqiM,0.9999975
htliMIEIBuMVsCF,1.0
osUYOlMbpqYONGu,0.99999964
PhbabQvCotctCAM,1.0
lCGrudrglRKybsI,0.9999964
RrwvBJnFMYSlbsS,1.0
ftsgxzHIetiLJZD,0.9999981
aVZmLCzThAkXkMe,0.9999999
tHdnCTsRnWhsbtg,0.9999995
rwrRraMTghreATk,0.99999976
laTbiNvhAkAaNpN,1.0
hMoUbKENhVRnTBp,1.0
MuCxIrWBpOYhOfx,0.9999988
MVEyNxsSsisilqR,1.0
otLnyZCzjqjpQlb,0.999997
XGSlKIVZeeYlVVv,1.0
gCouCeIEreeBKtk,0.9999999
eCkfAawToRoQNRD,0.99999917
cuESPSUwcKSIUlN,0.9999995
JycMELyiffDQsdE,0.99999976
yYXXUUVdtLHsUWN,1.0
eBajgJyNiyaGcHc,1.0
kIWEQhqNIVRjemx,1.0
skivkBvDaWPvqbE,0.99999976
ZvcVmYhDtJMbCxj,1.0
xTMeyTUKfdtGyfg,0.9999956
OPxgaqJFvwEBGCR,0.99999547
FDXsQKlnFvsMvfe,0.9999999
ifllcrVmkUGOAnk,0.9999999
ohpMHMWArQGIOPb,0.99999356
iACBlsiteiltEuM,0.9999995
WtezsGvwEyyRFBA,0.9999999
ayRQnNxspjVfVIs,1.0
HUwZrfAjkuOIZaL,0.9999999
FQVQlIkccGzzTVW,0.99999404
txAmxVBlkoXVyqE,1.0
nAJZkrKQLooJXHA,0.9999976
qbTVKDrTLWofFcd,1.0
qejeXvjoIfCkDag,1.0
KiLbjAfYuoqviDy,0.9999999
KYsFZCbtGMqlcez,1.0
VjCXhMrhSpeHNWo,0.99999464
IGrcovwjvFWDyvx,0.9999999
maVIYmDMjoMKjhE,0.9999999
zWPAUJbuRHhMSQu,0.9999999
OmVmwvYtSkBWFxz,1.0
EDEmUEtmZvKeOCc,0.9999969
WnNDFcGQeWqtNPZ,1.0
MXiFiiGSGgRUvVd,0.9999999
JFLveKbkfBJIRer,1.0
YoCQmSusMrOjvnn,0.9999999
tQzolFeKtVifqJE,0.9999989
lAZpZrHPkEoWYpx,0.99999964
ZlBzSvmJWbwxPSy,0.9999999
yAWcRTbERJBGQJH,0.9999895
FMgbbmkRhyHAoim,0.99999976
HcEWmJVirkNGHAa,1.0
UfVpFTZALimtKeI,0.9999939
geyPYOJanTuByIU,0.9999989
PezYmpwHbdgxINh,0.9999999
sNAiEJYXWdoDood,0.9999999
SBDGThlvTgythko,0.9999987
SXnlyTPMfKWxNEm,0.9999993
eAfRSrDwkluPQhE,1.0
iPaMHUBKoaFaHmr,1.0
fubVriniTsMPHJZ,0.9999995
BCfucDZzxUlygkx,0.99999666
ioQaxSlotTsLiHw,1.0
piCuRaelzWNpbkb,0.9999999
NWPTBSXrfsRKcFn,1.0
TuMlIAQdnyWUtVk,0.9999999
qrmpxJLtsjULqAB,1.0
POzhoYCHjMiQnHk,0.9999944
fmVrHyWMPLaBqoc,0.9999999
TOsLElljZuWHrgy,0.9999999
pTAdnVmEjCDSBgP,1.0
jwtWPoUkTuQHXtF,0.99999964
OowPJNoDDKVNeAx,1.0
tPADLXKAVAIkVeH,0.9999999
zPjnsmjNiTRSUSP,0.9999999
AkBFKDMIjWxWaQd,1.0
bBwBOSVLDdOOwee,0.99999964
VryDDrGwgJjjGmI,0.9999999
UrafZPkWGpEUAyz,0.9999999
jloQKVxEMUFTdSu,0.9999982
itlWwOmzviSSPjn,1.0
WUjpOyCRTWGsdyj,1.0
YosKDqoYNDiPMOI,0.9999994
JKyFKEzIbKbakfI,0.99999976
VLUeCPRfiKMSiio,1.0
UBjUEMbozXXvoGw,0.99999976
VuHExtflfEgrLSI,0.9999999
uFaCOcSmCQkQMyD,1.0
diPmZGBWONZLxSV,0.99999905
UAnSxEwYPJhqGZh,1.0
FltSVIxFHVIvZXB,0.9999999
ZzfPsCiKVhwMTOm,0.9999989
hNqrzlNrzReJyfB,0.9999999
SehUjbSkEEcNpmV,0.9999994
CLDVSHfzrsMFqwP,1.0
PgPvxqXRqTdYQaO,0.99999976
hpFlBoVPwUksSCh,0.99999964
fzHqygQGYHxglSA,0.99999976
JjzhMDEvAcyfKlq,1.0
hiwMJLpKRcnHuZV,0.99999213
rvdYgDcKokpMcCj,1.0
NCPQIJQqUyeEHsp,0.99999654
gbJoADBqvphQLYR,0.9999994
KliNzrsSBnukLeh,0.99999905
DIcIcxoBJqkOvxY,0.9999999
AifvwJodlxylcAL,1.0
whdraHvraVQzqSb,0.99999976
EJPRuomvLdfbYEo,0.9999999
aRcIVFYMTWPVkEY,0.99999833
hdPlDlprjeXVbYO,1.0
gXZvkuwYPXsbImv,1.0
yXXwrmtCeiEMVpm,0.9999999
xZQCnyCCTDQUHif,0.9999931
QGevqQhjmDszYzV,0.99999976
VkovgfCJBEWnXPE,0.9999995
MdMFMLFGEmtOgkd,0.9999987
BIislYegotEVsWE,0.9999999
cxNjNEobxfWYcuX,1.0
bbVsjmwkTePQfcy,0.9999999
QarMtIWtjGgsZgp,1.0
znunOqVvdejHzUq,1.0
uKXAjNiBwnYPPNs,0.9999999
IpnREEtIuQOTaMj,0.99999964
KEfSFHDxYkayOLl,0.9999999
XXUDJXxmcUxmZGr,0.9999999
yjipsIzDuZiitex,1.0
PvHLBMJJsmfeeqA,0.99999964
LWGMstiXDxZkrOw,0.99999964
JMJXGeEOiZyHoHd,0.99999976
CWcCPuRIelvjbUh,0.9999989
IswoYrorOdRnCBs,1.0
wDTGDhWsmdajyPs,0.9999999
cUZAGryoCYhhsml,1.0
hhmBztjQnvvzayt,0.9999993
zEGexHQEEjmMkMJ,0.9999999
AhIrhloIwylmlUj,0.9999999
BzauGCZXffTpRnv,1.0
lgkUZaBzDgXiDLG,0.9999982
OnighztFWZJTJdU,1.0
ByhCkBQJmHYQzYo,1.0
jjiIVYhsWwKvhOh,0.9999999
QaumosOonGvvlJa,1.0
mkfezRnEeMSjnAT,0.9999995
VtRyjIDMnubTUGw,1.0
deVWbumZuYpYBGn,0.9999993
BdndVBWgOGljbEP,1.0
ZJmBtEtpsPeJWvM,1.0
fOVWxgSIBprsCzr,1.0
tJOXmQSFcXmKboc,0.99999964
benPhdOCOVLVxFf,0.9999999
IYFrheAGRobafcj,0.99999964
QDYyyoWtXfoHVCl,0.9999995
ocISqzamxWUYzKW,0.9999999
ZTRdGWhAHnINnjV,0.9999999
aLlTBPwSrpSeYnY,0.99999976
bFCukuIIlseAYhU,1.0
iWUgZAZamqlrEoO,0.9999995
bUMmlyhYeAeKdyV,1.0
zyNiEIlaSlLgFOi,0.9999993
tMSlUkpBTnMlSol,0.9999999
NQHBmWhapTOJTuc,0.9999975
oOfwfRgfhprvrXy,1.0
gfZeuHhLJNEYaHN,0.9999999
yMCDkqlFKWJrgtD,1.0
OCiWwERzUnYcGWq,0.9999999
TBUoLCcvOOSOVOn,1.0
UuTSzYEGxdDYLgf,1.0
ELgchZdcNtijfEt,0.9999999
XXKrxHZMjouPsKN,1.0
eiPlesGWRnZilkr,1.0
YSCRTssLiACApdd,1.0
THMFIlIEMLMagMD,1.0
QTyrldewCawrEEQ,0.9999994
UJDBogtzgdLcHsY,0.9999968
uUtDdvjZgECjmdF,1.0
xcOmenyryNwlgja,1.0
ZotuheUuworsqjF,0.99999416
GKjsJvfEotagGke,0.9999995
MixgOKnoceZerNs,0.99999905
MZxZWJoPDyScXUP,1.0
vCzWBLkwwnqfApY,0.9999988
GgCeVMHrQTFtQLu,0.99999976
zciBYLyxzJhzWXl,1.0
NTjioTenkWqebMr,0.9999999
wEhxniWTQajFBwh,1.0
GeynWobLOcjmCNU,1.0
FgpMgeyOYnkkWkF,0.9999999
XRhDRVTWoBoCfDn,1.0
niFjdPeSYaWDWlC,1.0
rYOjlmQpXFiavqY,0.9999963
KcTXkTuApiKFRnD,1.0
FxlusnXZCmjXOGl,0.9999987
rROtNgDGAtfmEJe,0.99999905
LVHkGMeJItlQpkB,1.0
JcxwfIqasOHVpkk,1.0
zIEXxGQgYqjVAja,1.0
vwarUWkDylPNzGE,0.9999994
HiemOoUycsBGiKz,0.9999999
mxMmWhsqLNajRqA,0.9999999
ZvFbgkPecGrUESu,0.99999845
cBTwHAqCmDBEjWR,0.9999999
xemdEKGEvsTFfRo,0.9999999
nRiPJkgCjnAcYAu,0.9999994
bVDyQrCZbRImzDh,0.9999981
FUSFotGZipLKCTC,0.9999999
SIPSLQxDYyxFWLS,0.99999607
wPjuxOcbrrXzNDC,0.9999999
yfaoOFuUSnpyFwN,0.99999845
iaQpNTIPUjUwpfL,1.0
boZHLMmoEKQelIs,1.0
tFIVANDAMSbTjCw,0.99999964
doPEGaIhDisEJDF,0.9999976
jMXyRtVQGfFpaGs,0.9999999
hgxGSRxfUuNWcfx,0.9999999
EfTApaCLTQjoNMw,0.99999976
wucMZtgXobbspON,0.9999999
dearaJIPXPaWWui,0.9999951
ykKylyqDXPmWIBm,0.9999999
zVmoZQHKHSzgbOj,0.99999976
uAcdocigYyFTkcC,0.99999964
IftvJaZKyKyKqzj,0.9999989
zHOGrOqjxTNmlzb,0.9999995
afBAJmgHvCRPmvt,1.0
zKghykYPdoExzWf,0.9999999
AqomlrcksUFlpQV,0.9999999
ZGXoLWMcSkgIbyC,0.9999999
cjmhGmCZlynaVyh,1.0
IktSTdfAXGkxyBq,0.9999999
WhUjBWNRaDbXgsK,0.99999976
GZyXxODPsZhLvzk,0.99999976
loEHtEumEjFIZZd,1.0
yUIZOclAbMzIiPf,1.0
DLhXXOTGtnrIXFt,0.99999917
ATBQkgEcTkRyzFZ,0.9999999
wwesaypNqrODdPg,0.9999999
ohzvdpKNYLhREMp,0.9999981
HlyCYBYPBmMukHI,1.0
nMhOZlqJmeBcmRB,0.9999999
kdOwMMmExNopSQk,1.0
ShfAvgzGfXHlDkQ,0.9999987
xDnIUCEPAeojtXK,1.0
aaDNqCBveuwaZzV,0.9999999
beZakjXBiLUdGOb,0.99999976
rvGSvVDQbSuaVfa,1.0
chjGITeRwAdbiAP,1.0
weyvLYFvXOBjFoa,1.0
xvGDbPLGgasChnz,0.9999999
vmEdmJUCIZzXpIA,1.0
SxfTwYjxjKTHjNe,0.99999976
KaMLoNdCpURgezr,1.0
FDIKyJeuyzpLmne,0.9999999
SVeWIrlsFffQgRg,0.9999999
nAyfyGbZTBVoCKv,0.9999999
YrcNulOOGWsOThQ,1.0
dfuZGDTIWVYlhlN,1.0
bfOCIjXMXPRqSoL,1.0
YKpuJgoRlyzZSFz,0.99999976
yAkETNABrBUUxKv,0.99999976
QHyrxPLNBboEDDI,1.0
lNtILXuNppZunsg,1.0
syfePxwAQRviBQW,0.9999999
dpBPhTIedZOaeZM,1.0
etREDepImNEDRQi,0.9999995
zyCsvmZjNqySTLB,0.9999999
WwZFNLzeLHSIQdX,1.0
ZHmtUqxoVGWFJxo,0.99999976
uRfLhNQTMRXwVlR,0.9999999
VPvktanFjvytERv,1.0
nZudufxSXWeAbtr,0.9999987
toNegiIuIVsMFvE,1.0
GlePeSTxoGYdQdj,1.0
EaicCgJDNhMSmUx,1.0
NsXlTgJYHXLeSkQ,1.0
ZoyrJdJLeAnfMbK,1.0
sCtveWFQgenRXdd,0.9999988
diaMLdqFJTIAeTF,0.9999975
eFMYzmtVzhCBMIH,0.99999774
OqwLeGaFhJKFcHb,0.9999999
mmqRzshOgixVmPM,1.0
CXqjeZtNfFWKngU,0.9999963
ONuIUuImEJlohHP,1.0
eEaLwkbqHEZrPcT,1.0
GHMbHFBFNMNOGgn,1.0
UiUSqJglYHfGhEM,1.0
letOGtKpvJvVRxz,0.99999976
dQNizcOpgtMFHXp,0.9999999
YRCmOBxYVqqOeOz,1.0
UDkmRkTdpDWZDWT,0.9999999
IAvcoHjThaPWDVi,0.9999999
TieToDUZvscKAXp,1.0
ELAHTrEDqgsYSrK,0.9999995
eXpOHDFfrMsrOBS,1.0
JWVQUkwWMXGTvse,0.9999993
pmdMsqomfZltgdC,0.99999976
sVmkvqbdugDAsLz,0.99999976
wdXjuZforVcIkDr,0.99999964
jlnjNTnuZewwIIO,1.0
FULBpJNeKcaSKMd,0.99999976
dFPmxSyxsuVQvqd,0.9999999
kCfLswQztenQiZN,1.0
iSwDqQUExKTyFUY,1.0
mFQHasDGEXwANhP,0.9999999
npvIjTvuKCiKqBW,0.9999987
FmLdCuuOiKMQzUW,1.0
EDuQuNhrktlcvwO,1.0
BjJuxBmfSeJGEda,0.99999976
cbqVxLpsZecLmRc,1.0
kCghWaIpwtHZirW,1.0
UtrjxFpLfbbbyoR,0.99999976
bjIKbGkvXxzMLPK,0.9999999
LkkesZAIsdBLzBs,1.0
ciZrDQgnLLjvHtb,0.9999999
sSJeMTxtxmUhLEw,1.0
fzmsfWRlwgCtxwY,1.0
zmUqNNCgTalmPOI,0.99999964
MTQDHsNyCLRkSbD,0.9999999
oSnSIqUTKUnKhke,0.9999999
yiCoDNhojMLYmiP,0.9999994
nyYnbSKGzKBvesh,0.99999976
IdwEeIWkIXAJwBB,1.0
nzkXYainBLWgiSF,0.9999995
DTerGehCkDQRpRt,1.0
fZghQelzCBASgWe,1.0
VrAwuXURSMwCBXw,0.99999976
hRMqpyENjJpaWDQ,0.9999999
HWzrrysrqcUxUNh,0.99999964
lqhfZbqOvxwwPeH,0.9999999
CtnNTOdqELrKObA,0.99999905
AHLmTTvBmLXJHes,0.9999994
NSGXgaDVCOXfbOo,0.99999905
McRvorFQgjXqpdt,1.0
exWMsmgxgNNUGFA,0.9999988
oioJOZDQcsmOITZ,0.9999999
gXynXldAIatUjaM,0.9999999
FhpDrZNnXiLXhzE,1.0
xfagUlNJdkoOwFI,0.99999976
fCDCaikdZqYojbn,0.9999999
rKPubIVDIEtICMs,1.0
fszxqhesRDQUqdf,1.0
ycjXgbuIzaQzdjx,1.0
NmZuvmRNKERaOTv,1.0
nWlmZWsbTWRdMTh,0.9999995
jOdLeCZjYoOoexz,0.9999987
jHiNcFGRUgrdAGz,0.99999964
ESOTbHZrPXNtCaT,0.9999999
wBFOaFCglqVSXJc,0.9999999
xyxDBWaUOUDCjCK,1.0
yBoWgLBSbwKKxtI,1.0
naVTuEfIdHGkqQP,1.0
TNquUIZyMpYSVvb,0.9999999
zcytgwChWMUWveJ,0.99999905
NShzHBNHpiNoNuu,1.0
lhuESjXTGFMqQNi,1.0
pJUtTyWhleiciZv,0.99999774
NmSjftUinUgEmkv,1.0
KfqewWgXnxxSdSG,0.9999999
qkTottQQYaupWtK,1.0
LWWhdjVlZMzpuJM,0.99999976
NCwhTMswZyiYQfM,0.99999666
zdjUipEdYnuKPWN,0.99997675
mNlEAtdIZYYeTKR,1.0
JiREOJiTwthLxWl,1.0
cKwhJnFsOHmPfWA,0.9999995
vBAMswDxchXojyq,0.9999994
yapsgRVtqJSkUCK,1.0
ZSfYariSTXbytrP,0.99999917
whBqLEENXiptwta,0.99999976
knCtUrbEFRadBXt,0.99999917
zpMkXaPrgQmWpCV,1.0
waUVbhjcTaIqoKO,0.9999995
DPCMuHuTowpiyfu,0.9999999
ncLggxbqcpOsEmF,1.0
YhpKkFQCOeGDAhY,0.9999989
ZYcSiMYsluMVbeP,0.9999999
mgEulssCpFtUFmu,0.9999999
pYlEAaPETYkYqON,1.0
TcddaANleUzlOzE,0.9999999
twiiylKLBvrCnig,0.99999964
ImmpSMMtAdTNbsN,1.0
iABWSzOkCzqarOz,1.0
IjJWQYwcJWrVXEX,1.0
YuFKnMBfAxkEMlw,1.0
fWMfxvaxBAliFSY,1.0
mPEOppRyFnbusTI,0.9999999
wkZopvfFVxWWcXt,0.99999964
aOVDTakGOdWeQHh,0.9999999
JOmRkTYySbrSeOw,0.9999999
DdEcAzYqyEseTgF,0.9999999
kXKpgGgEdKWyjuK,1.0
TDjivlyjDmVUgBz,1.0
wUECwCYMykFbExo,0.99999976
yVMiUSNelJgewCc,0.99999714
WqXVJOWwuIkKzqN,0.9999999
sXivMqusfFvHwno,1.0
HUtGjexcABGOdny,0.9999995
tIvroMGpBFwxWGH,1.0
zSpfXyzIShCFOih,0.9999999
ELtaFNOcpPJxlqA,0.99999976
koCVwHXbwjnkLom,1.0
NlVtdJqGyuEltEm,0.9999354
axyfvFJXoSjzMQR,1.0
FRzZfezbDMvrnZC,0.99999905
QoiRkkZnzAljuxp,0.9999999
QUqDCyNrIbWagBq,0.9999999
KrHVrGENBvZmmQr,0.99999726
xbANRxgwIcqkOwa,0.9999999
YwwqqYXvDfKTwnT,1.0
YYpxWMFYGVRlcVU,0.9999995
vKxNSqdjDqDEddM,0.9999999
fMKniEKyHQiAvPF,0.99999964
xjiJGnZCjCLdyrz,0.9999993
rCZGFTmFGqvjSHf,0.9999999
cCHxEkNmHBSmmcd,0.9999982
HjZITDHXsmuolLp,0.9999994
LnLSoIXeDklpDtW,0.9999994
ubveYcvYHtivibj,0.9999999
uIyadTDqxpQKVap,1.0
UAOixTLGgZPvGRU,1.0
AtbhrYzSwSsgrAL,0.9999994
IPmemyVgKhjuGID,0.99999976
uCMwXFkLpXwaeJa,0.9999993
xjZmrYyFaGyPlHw,0.99999976
mSPIMLRXqIyfGZk,1.0
GkxoQgOocDTZika,0.99999976
WtIjaRtVxEWWfKD,1.0
ieWjyhSMsywikHe,1.0
LBUdxqBKVhSDFLF,0.9999999
umSzlwKneojTOra,0.9999999
mOXKMqMqLNemQDH,1.0
CmXBzKrsTsOzGCc,1.0
DRkXHJypfLppljk,1.0
MHzdscJhoIOVrOy,0.99999964
pChFEoedcYTdZeS,0.9999795
hqmYMvdqUYRkmLx,0.9999809
CIXbusMuYwlkwWP,0.99999976
iVIsldkscVCzLMm,0.9999999
lGbbDMGhnDBkyAm,0.9999995
VQZiFdGSmQWGUXE,1.0
swonBtTOCbAHdnd,0.9999999
hlNpvCcJvKmrgEb,1.0
PNSqAIyIRUfqHZG,0.99999976
WEaPBanBkxVeSgM,0.99999845
LeKtQvHdhLDFimG,1.0
KuTKzgBPObAWWOL,0.9999999
maMBJqTBYxDTstM,0.9999993
uTetQeHTAgGMgVD,1.0
dilRKOxedZUfveM,0.9999974
OBDInAIVfrrUSDc,0.9999987
mpQwVTGFzFoyGlT,0.9999999
laNKhKeLvCFajJQ,0.9999999
YuSisEWHpImRVjV,0.99999976
wHxmVzfjOajALoB,0.9999995
sntciJTQbcSAFmH,0.9999995
HfZgpPAgcFuPqvq,1.0
VHMNZksxaQExLjJ,0.99999964
ueZuoIJNwdMjsXi,0.99999964
avyDSqWidmSjtbK,0.99999976
dKuoMnPFcKjqkih,1.0
gwJVsBYhkCrIpgp,0.99999976
pxSMfxcuaRkhluu,1.0
NUWTgowhvMkhJhg,0.99999654
olbeWcJhPtuuVjF,0.9999994
dlGKsKWXTXRngEJ,0.9999999
ylAcAXLUxRFJEpm,0.99999976
kBpVwDlKpzXtLRY,0.9999999
VHoIVRwtXLjyNIP,1.0
KgDOzCGztVbZKdY,0.999998
OyyeHdYxxJIeEui,1.0
uZgBWeFEmOmYUHW,1.0
XeryRFomWVHHAal,0.99999106
BYOYkQhEmSHaJil,0.99999917
VIMLDASNmYKuIsS,1.0
hDKqeqKsRwzetxc,0.9999999
vSbHbHivkIcLiKc,1.0
KCAVEvPJJnaicVF,0.99999976
YTmdGqtxODQpONQ,1.0
hkjDUdaHHWtgrvv,1.0
hKVUfAUIDnsbghY,0.99999976
lvYUfiEAihuMuUB,1.0
bshskgDYquUobZs,1.0
SyDHRfhpAxSiPsx,0.9999999
pfLILsGvRaQQxZf,0.99999976
FcCocNuusklJSrv,0.99999964
nFqATNosSLDhIql,0.9999988
nezVVBsalWksYyK,0.9999974
htpiRAGxEsgtRIB,0.9999999
wGlkjyihawxgQTP,0.99999917
NyCEDibsgjqmaPO,1.0
BzgFxaLyJACcEXl,0.9999999
KTRQpvXoMfibcKZ,0.9999999
lSPgHpeVhjyFhnp,0.9999999
WwITIsjrfeAgLiE,0.9999999
ZQusxYHjKSJHfvh,1.0
jIqcSXSXCaJVyGf,1.0
uVMlZAmXpKUtOmp,1.0
YbmhnLvKTLssahm,1.0
xmpZgQjnRDwBHcw,0.9999995
pjOzBwldjHlgeNG,0.99999905
fOnNrbMNeNBUfSc,0.99999964
PXxHMxjYOUmQNAw,0.99999976
ziOHDxduxHkvUMS,0.9999999
kKKfsiytXwJODss,0.9999982
wxQrCGbnGESluEf,0.99999976
jknnbQnZvhuEnRa,0.9999994
shLzOhsaHJQSuCT,1.0
NnABQWSASPAExiC,0.9999999
hRwiyyesLMnzlFV,0.9999999
AjhQRXWAnmLIPOa,0.9999999
XXorTOGPfHmMcCA,0.99999976
GJKXRuKbCChxsEN,0.9999995
ysbRrHCBVNsMsFI,0.99999976
NlHfALPmErhfxTj,1.0
hBzhknhbMQGIBSv,0.9999999
SGeqhhkQNIFehNF,0.9999995
UXwXICbKdfKYlWq,0.99999154
rcRiTQHMYwIglDD,0.99999964
ybNoKvqXSIjFXPW,0.99999976
vVWQgOLjRELYfTo,1.0
cDoIhgrxwPKhBGW,0.9999956
HwgMGLbSLhoScuy,1.0
cOjeEIofLGhFanQ,1.0
FJqHTJOPvWbZTCV,0.9999993
FELJrTzAroWEQpk,1.0
MIFCVOWMXCcnoEP,0.99999976
JPkjSYGqjgvWrZg,1.0
lpJbiINcHklLUtF,0.9999999
nLuIQXJZMkMYXTh,1.0
YFdlTUZSqUVLMVJ,0.99999774
UOGdCjRwpWEbyLZ,0.9999999
OqJIAZSkKsZOdyF,0.9999999
zgUVlaDLYmZUkuJ,1.0
YqmTefycnqWxibs,1.0
vONkqvCWdLXgFWt,1.0
OfoUcevUKpxxRIZ,0.9999999
niLJonbjZdzuvIs,0.9999999
hoGpyrjpZlXrsyY,1.0
FaANCoklQpoHoAY,1.0
HtJyUppaDllRXaj,0.9999995
HewZKlxhTWULkCA,0.9999571
SYEqTEcFVINoswo,0.99999714
GtiaRHtSRcOUFMu,0.99999976
HZRAfiEUBkPFmBG,1.0
MKZPitVBZYbEJSd,0.9999999
JRZBbVzkwtiuLgN,1.0
OMowkULWWusrgek,0.99999976
nkSZoKPAZGSZNBU,1.0
TyywFnjtgyqrTSG,1.0
MtChryszLALjdZb,1.0
WUAxeotXmcZCZgd,1.0
IpwUULFrgHVPNzQ,0.9999945
VeavVekJTCuwwPt,1.0
xyFmpQuvUeReOaE,1.0
NkLgSYRbZnBHHZm,0.9999999
mKLGhlBeHKLwlPa,1.0
fnaeCqgIPStcrFw,1.0
bxOSaculClvzebO,1.0
KFFEzzwDvfqCNil,0.9999987
jbLUNxnjpVANuoZ,1.0
UEHOESAWsgTzkBM,0.9999995
DJmrlACviDlUVSB,0.99999976
xqpvLtOwmlUOsIX,0.9999999
ceWSsGjqohFkrzC,0.9999999
cNJGWSgyUyshtwM,0.9999999
VbamqjBZjTpncmc,1.0
quhqeaXIApyUSPu,0.9999999
dCOMMfUfNEgVOxU,0.99999976
vcJFmZBxmVLtEDS,1.0
BcHdrToAjhACjrM,1.0
xxtxBqrOTXhNvKr,0.9999944
pCqwertNfnHKZAy,0.99999976
ziiFReWEkVxOeGT,0.9999999
rmZzlCPvORASPPQ,1.0
WnSmIoJPmmqXQOG,1.0
fYcWYiKBpRXltxT,1.0
PcBdFDEOKgMcBZk,1.0
pyGWjiMIoLTkUXH,1.0
TPyeuYczGORcIJa,1.0
doPFeyTyhgYfcrh,0.9999999
oSauWedsWFyBnLw,0.9999999
hPMilCDNkPiImoB,1.0
uckdxoEqamPGhhu,0.99999964
WzxmkBbowiTcpyc,1.0
hjyuMJPQdVJghjR,0.99999976
HTwdpIcMsztZxCJ,0.99999964
IsYxDXPJJpiEBUI,0.9999994
mIbMqEOAmrFcPzT,0.9999994
xEpWfXWFfxwnQOM,1.0
uemjpDfveETPoMI,0.99999964
cHIxIQeXWWjfVLl,1.0
sNAKFUouAAVweMP,0.9999999
fdKneYYCMkeqxMd,1.0
AmPPJUJMrtnQHTr,0.99999976
kPQbOSvkzSPmPcp,0.9999999
lYvRvphnEOMWkQh,0.99999964
hXxaPFXZFzNpRdH,0.9999999
ejyRHZafavLxHjA,0.9999999
QCzrXvLdlEnCvWP,0.9999987
zZPuVQmxHjhwota,0.999998
gJeZrBEgxIMgQJH,0.9999999
HCdhHCYSzmUyaHZ,0.99999356
vltkrDmRMLyFacP,1.0
apcDmDOyRyNddwB,0.9999999
ltCSTMxkDKqQMvD,0.9999975
FZaivksvUgLWKsh,1.0
kTxlwszzrsgLEUT,0.9999999
zVxjEFEyWKcfHvS,1.0
NOEsFSFyVewQODn,1.0
iIUuESznkeYtLtI,0.99998367
yTnuIolrunBrejV,0.99999976
nhAZHwEudWNYWPM,0.9999999
TcdUHKxwjbecwsp,0.9999994
wEDRBHaGUglGxGh,1.0
lLoHlyAtiGvbhrg,0.99999976
ANrpLaQUkkUnamw,1.0
eZzOAlpBiPeheUv,1.0
tERyRdPhRHPpuTG,0.9999999
KpAhJmWiPEEcXpI,1.0
zYvgxHPQushmSqh,1.0
HzlHyQpwkXhQnel,0.9999995
CaBLeSLdKffylIa,0.9999999
KmmoFpXZekTQOvA,0.9999999
vxKMhDiYNAhqskt,0.9999981
tIwAIFZhNSxCDyn,1.0
iTMBABwFFSMqWno,0.9999999
bcKwUpJqfXHHjhC,0.9999999
BRFHOfIocryYOfK,1.0
jSAMBJGskiVuqUC,0.9999993
nDtqpQrWnSHOhmk,0.99999964
IlXbUJfrBfxmWjv,0.9999999
wEFBfYktPkDKzIP,1.0
yWqpHFEIOgJYTTd,1.0
yNJHuDXXIjNtTTX,0.9999999
BPdHdTiWuJOvsqf,0.99999964
NoyLZFmjYBsOTWQ,1.0
olJwYTsNHGjWJBO,0.99999964
CmiPgcUSATihVoi,1.0
NsnxccLeSVbORhl,0.9999999
OAvcuJlgVtEWGUO,0.99998665
EEqfXYxntAQFLju,0.9999999
qOFlUrYAMGLGsPl,1.0
LGxcUcCJpnDxUpI,0.99999535
RZZurfAnFstQKAZ,1.0
RTwIONtRDiKTtrF,1.0
psbUSrWIGrJbOQl,0.9999999
oCMPXacOISOUseK,1.0
KdaVumMipiWDpxX,0.9999999
pAKhLBGbzkCmNAn,0.9999995
BwSgUpBwZlNQefT,0.9999999
vXIieQpvMNdXwXx,1.0
YRUMOGeqaLnKcZq,0.9999993
AzLmvClmQZHgEeC,1.0
RLSHwgWXIiNjBLK,1.0
wXewHZrKKAOCpoB,0.9999988
XDiPcqEitMyIOSy,1.0
mqDllDENcxnCFSG,1.0
yFdUgpDJNFOpxnk,1.0
CoMGZCEgAToyWon,0.9999999
NmyqfuqAsqlnHPb,0.99999976
TkappvhFnwzfzfE,0.99999917
yCEYyLXavNELTXQ,0.9999999
kLlRzHXLGrUrXWf,0.9999988
QFTpAgqGTaUQlXE,0.9999974
xjDziXOgvQboZKb,0.99999976
XddrKEHTRYnZKIj,1.0
uREPOhMwrmvOaxL,0.9999988
aQizMfLFdpBmuww,0.9999993
wnzCJQCGQSwtiiK,0.99999964
hITGJNYDUHnmsLP,1.0
RXtWjoCIVPzFkUN,1.0
eotLvZJskgzAIbE,0.9999999
XVUXyUaMeRKWwZf,0.99999976
dbhjBvsSvvZZeYu,0.99999845
vtjYpGtEPyJkAPo,0.99999976
ipBQoUfbDeGmPkM,0.9999989
ceUZytKbjndyrIt,0.99999905
XyKjJvDDIxCorUm,1.0
FpYXHLipkeYmtEa,1.0
eimgMuTOTEUwLXX,1.0
DIhIjgHGGEfvwqY,1.0
UMXSkXOqCwovJWO,0.9999999
aQBYpdZLSrlIrsO,1.0
uMkrETiAhopooLO,0.9999999
YrOgCSbJRkNUsIh,0.99999166
bMhbaQeClaqLpow,0.9999994
NHfWtACEkluVTBM,0.9999995
lykcguWrpddMAwC,0.9999999
vXQQlRoIDanQCfb,0.9999999
ttnYtyYZfQoxKWL,0.99999845
mYVJxbbLcIJQvUz,0.99999964
EiCWQYKZLydbWpn,1.0
VFvCNuofZbAlAdo,1.0
oSJJswTTNhIvCJh,1.0
omrvuLjvuuGDieu,1.0
ntKvtXmeGkSlYDM,1.0
rKDCGuplxlRDjFw,0.99999
YRBjuSvIRKyStvj,0.9999999
DnjyANxpfDFKqKf,1.0
pVipxPOmsdsQkIR,0.99999976
DWopGqDYusvsUds,1.0
orKpIIYJzPVsHUR,0.9999938
bSbOszWVHulIPdw,0.99999595
eNgcALYpHvkuEwC,0.9999999
bxhtVaxVdjmuGws,0.99999917
XRnwLWUwQmcLAva,0.9999993
SJdUVBMuZYjlJDM,1.0
mZCqixGMGJjaIWe,0.99999976
HEEYdQflWToZVuW,0.99999964
iwGwxzRdMLgVVGd,0.9999975
OKlYKjrElizYybS,0.9999993
kcLkaZBalGZeSqJ,0.99999964
HNKzVVuFWDQCwmd,0.9999968
qGYLzwzrlZKvXDH,1.0
BpoTetmDemOQyNn,1.0
cliRypWwQGkxLCZ,1.0
solBcEgxCnTVuQQ,0.9999995
VeOyNRnsPXfuGeG,0.9999999
UzlPJcmleSlbhhI,1.0
pPENnuQzcGExBic,0.9999957
eBhHWsPrMudXOTg,0.9999999
CCAOgPCWfSaDSmI,0.99999976
AYPHqOQoEfcGMHO,0.9999999
eMvxSUQeXxCTZci,1.0
ZKvplGJjIogHCCn,1.0
mtblItqiyqMKuxC,1.0
IHstFsLpRyGpXkt,0.99999976
oWhwOLMNdUuakwj,0.9999994
hRrDtdmaJviYNDi,1.0
EownDvSsDiBPZlN,1.0
PQBDnAmFZvCPxHV,0.9999999
zjjFTCMwIbJKQEY,0.9999999
CovPdSkvGtPukiI,1.0
jxbeglAEuAhnahC,0.9999999
YWFiRLXHzjHGNXG,0.9999988
hQlfltLwHxqxhzi,0.9999999
FKaALtaujlEXOpq,0.9999999
tkPXjPoxEPeWawC,0.9999963
fWUmbdgksufiagD,1.0
VtxXAXfgNYCZGTH,0.99999857
hEdnrQVAsmkYSDE,0.9999995
vPtsIQIaNLLZACD,0.99999976
qPLRIceQWfTaVuS,0.99999845
CQvxToZmGbVlSUO,1.0
aKTGxYXtezgdqNG,0.99999976
CGZhKPkGQtOEAcd,1.0
hpZNAMQNCGZkMOp,1.0
vxFlruwXZapzZDb,1.0
uSBMXYHczBhqGQQ,0.9999999
VKkzLferJsYpQsF,1.0
kjWuBtEpVCpvmKT,0.99999964
AEjDuKGztTuzjDC,0.99999976
woaChFWPqjCoHyu,1.0
NJqQseEAKqAtFaG,0.9999987
wDGVgOVJfpjYHqW,0.99999976
llcDtKhgjEUKXqX,0.99999964
WGtjRXbFGZzoMrf,1.0
KfpoQtvNyZZNJiw,0.99999964
rAHphNVaOJtxtAI,0.9999975
ZSxYzWxfozHpEUQ,1.0
EsunfLbeSFIomnJ,1.0
lWBZKOaemMvIUbZ,0.9999995
eRboPkOfrDQAMuK,1.0
bcirjgHgQGUIRGI,0.9999975
vxKTAwAdcbjcVPZ,0.99999976
sUpHugpBddcLaaJ,0.9999989
CWggZiyNlXKJvmv,0.9999999
onEDgyOAxNCjWqJ,0.9999999
cPfFBkaCAJDQBle,0.999998
iYEMFNyXOcXHLsS,0.9999999
MnHdSHrtycProGC,0.99999845
PlTGkYjrkqJyrUZ,1.0
XQDoSyCvgXACfGb,1.0
llDjfKGcTCCxzgu,1.0
IZaxroDiDmROZMb,0.99999964
PnTbSWBoBtzVkhz,0.99999535
JJdukrIyJXleoTy,0.9999999
bTdPEFEKlmpsulj,0.9999982
PapiJJiTmeCudCz,0.99999964
qcuzrXQykatjcJB,1.0
EpZjlqvdnsIBamx,0.9999974
yYQqfEoHTTJOSDj,1.0
ZaVFYcHLFRcwoDW,1.0
gSvqDdKwHAivQGo,0.9999995
DOjgrixuEEcsBLo,1.0
uxrKMVQcTvWLDeM,0.99999976
uernZFdnLFqejXK,1.0
jxNTINLMBmdkIlk,1.0
SIXueGSyIghMYpf,0.9999995
aUDZntjfrGGYrnP,0.99999976
kXEuzhKnqPdggVL,1.0
tFJEFKoPbntjOqH,0.9999999
jGnkgGabaqkKFcb,0.99999475
UyTOsnKgKuRmQfU,1.0
vEbyXXLSvPZTXSf,0.99999976
HyhelOpaBWhdELG,1.0
SnrdJGNQZKmImET,0.9999987
FYJSTxPifJPzGRy,0.99999964
yBNxXUsnnMJwyai,0.99999964
LPRGCUuIqvfrDxj,0.99999917
EqDfNYYQWveWlTY,0.99999917
PTZjJpCzUwqxrFf,1.0
oyWEhfDWcChBaGp,1.0
BFKQRfwGDGCWCQQ,0.99999964
EanlqqiwWmdozoL,1.0
wGVkjnNMwQZgpXM,0.99999976
YMfMQvbEwZNRnlg,1.0
MQLpYwRBVbBSnJL,1.0
atdAsPFCkobnucJ,0.99999917
LEfRKGwMJcQlemY,1.0
hXmsPPcJKOyEjPU,1.0
MYkdMpYmrxSwExm,0.9999995
itULhrcbYhztDwb,0.9999999
QegtFLOytGObyxj,0.99999964
xMNBsOSYskFALnj,1.0
aTWqcdMkhZPWCVm,0.99999976
aMwrINsVkBClBMq,0.9999999
kYeAxdrEJlkkfrB,0.9999999
TBCTQqhCBILNEDf,0.9999987
GwepacrlFzsVtal,0.99999964
EWPOyRaYlZZbnGe,1.0
rcdNFSlBxmrGqPS,0.99999964
DdxMRqCCTAZHrsl,0.9999999
hTpHewmLbGluQCf,1.0
mLblXRloqtrjpoa,0.99999917
uKKHHBHDWlCQnbp,1.0
RyhSApaoIUtYTPD,0.9999999
aWbTkqcRfpZmGuY,1.0
GBWquooVlcWrRKy,0.99999726
ejospobEoWQlFqr,0.99999976
nJgypdfcMJQaBbU,0.9999999
uNsOfOVmHXBkigh,0.9999988
TGwnRtDEmZlFTuh,0.9999999
AfGOXwQjkSrMthJ,1.0
rCRdDvghevoaVwo,0.99999976
txaFpFDAgZaZYKX,0.9999999
IDxmPaspPQFIMGu,0.99999976
loyyeNnFjvgvPQE,0.9999999
VdmWGYmERuEtQHc,0.9999999
ystAlOjOvXExPgw,0.9999999
ccnFhFmhmIerVVy,0.9999995
eBloppFKwnfYpaU,1.0
jwqpRlUxKUexXiY,0.99999976
wrsNGPUsvigyisg,1.0
juqZvsHdOyHIurn,0.9999999
SdLGqYKstDsIXoB,0.9999999
hEsFgHEnzpfpoYZ,0.99999976
bEilspVZEPumxQe,0.9999993
QOEhZDRebwIiymw,1.0
PYxamtfcEVIiMNS,0.9999999
FzTnSTAUXTsQBXK,1.0
MTCigwvzesWeXdO,0.99999845
PwMCplFvBpQUWzF,1.0
yeGJRiQAFGDVltb,0.99999964
pVNKKropiKvsLZB,0.9999999
zjocbEcOmaQpWxv,0.99999976
uFLcYrUpJCLdmSj,0.9999988
ONItdTMsBTxZQVU,1.0
pYNcKUUqALfyIIM,1.0
NADDizmjuZPuAuK,1.0
YWUYaVVGkiGZyHo,1.0
CDETMMECNENNQxS,0.99999976
OQsIBfQAFisCzkG,0.9999999
hDiabXyzUnmOsWe,1.0
sieCUKUekZaGvSB,1.0
UflkBHnkBQVBwuE,0.99999964
JTctfegkSwQrXZq,0.9999989
BFCmdQfEIlgVmYa,0.99999964
FkBFINYGQEUGLfY,1.0
iXlbnKWCWPvFmuk,1.0
uJRLOCgVFcItuaN,0.9999999
PqIdKwKWYywiGwR,0.9999999
anVkpoJxTNcECHh,0.99999976
gMMpUIKbDcsUbBy,0.9999999
IoCAZzkMAvfMnOX,1.0
ysdaeZGzNXwhNwv,1.0
dwgzwPDgyMgOSaP,1.0
BXBWswSOgyQKpAy,0.99999595
mNARKXBGOCelsZm,1.0
zXdmhRkvWfFTgpQ,0.9999995
aTmGxFJewqzzrKM,0.99996233
WDDcQJOSWJenELb,0.99999964
NaSqStVmikIVqxV,0.99999964
hmVZHHIRDXffyaF,0.9999981
wgFrbFjXAQQYQTT,0.99999976
CjqkrmkXACbKrpO,1.0
vVUCUUbvCfOHqhm,0.99999475
ysKsCwCEGIagOtv,1.0
UwbhxejrmdGcZYH,1.0
pzRWrUijUAXerxU,0.99999976
tuZpAetGutAKveg,1.0
uqcnGuYkQfPEQNF,0.9999999
WsXCrTrHHVfLBeL,0.99999976
dZAhMjfsvaIgguj,0.9999999
yLHWExFJEbqJcrG,0.9999999
QatmECyyMnLGqpM,1.0
ZzKKCgTIoJvIBMp,1.0
AHzpXzVCWPatZYp,0.9999999
WulTUvApjKpcKTf,0.9999943
zCTOTwuLWhXpwGT,1.0
aAMpCjjKOWfgFpM,0.99999976
VsigAFdlvsSnIxG,1.0
VNiQdSSqKPPVWta,1.0
NMSlmHVeuVMiybg,0.9999999
lIwEZTeBgTHukxk,1.0
kqjiXhWxlifFHTN,0.9999994
hMiihEqUoMxIhMC,0.9999995
ncbLRrbhbZzArFy,0.99999964
nVNDDYKoKPhYAPt,0.9999999
WGBsMkHaTvDUyUE,1.0
WcSVoddCAOFRHCk,0.9999999
ToKdIxZIQaQQQex,1.0
DtWnBpdptpQSSmw,1.0
JhgEdanHYrOvYsA,1.0
KtnLBiZztZCEBMQ,0.9999993
kVWXBvKwCmdrjwc,0.9999999
NtuaCVQPrCUfqTh,0.99999917
MTmvYCGCQgwFGQe,1.0
hHIFNcReIgJjpNL,0.99999666
poBSXLJGAgixvsb,1.0
AMuqSBNwiVDbyRz,1.0
rPGhqpLHtlWYFGw,0.99999905
MVDEYaeSvvGjBnz,1.0
FzBGBbKJkakEPVb,0.99999976
SzcsPeQRomvAqCb,1.0
WqvrPJszlNciGCx,1.0
eAJeocwQsVwzPlz,1.0
kaZdkgBquLtKbDQ,1.0
DdmzwxvndkEzFlT,1.0
fbSPtPznwlCisCH,1.0
gUGThTmVeyVwwtR,1.0
LrDxNHoEAcglygZ,1.0
ZcJRqypFjJJUlKn,1.0
yUZFJCItygWuDpP,1.0
PNnudMclYWMQRyB,0.9999999
dBqZioiWPLXoHUp,0.9999999
pistvLdzAdxogpo,0.9999999
wCwpgUfMoRYDPCP,1.0
rymVpwZputrSYcB,1.0
JMUPtbjDpEJymaL,1.0
HlCdcnVAxAzOMmA,1.0
XdJOPkvbSzKAmxW,0.9999994
khOxerPFSoEqVwZ,0.99999857
DHRjJRRdvtWasEE,0.9999988
yXVkTlyaqlkyHEk,0.9999976
eiQsBzmmtfYrUCr,0.99999857
IjnKcwRGPXzsOAX,0.9999976
kyQEXfeocThlgwd,0.9999999
WxSFVnseUqoFbbC,0.9999999
bMrTuzVmSRyOYay,1.0
GYztdDaJwlFoDKE,0.9999999
ShxgJRuzQDSIyeU,0.9999993
girWPDBOkSmoAyI,0.99999905
ddVFkdDYugEgdud,0.99999976
LerhJIgGlKzmHsn,0.9999999
WgadJpEgTsAhHdF,0.99999976
YeMkwhBlddQOfcK,1.0
mioGwsORkeivvNh,1.0
kinJnbxignOVotf,0.9999999
ycccYXOFDtWbCTd,0.99999976
AOOoOOllDeSUzNu,1.0
QMVJMmIfYBiyvNN,0.9999995
TVatERTxJjYbiYC,1.0
kmidHlNqzMKQyxN,0.99999917
xwnaeNrxgsxrdad,0.9999999
WQFaeJgcOjzpORQ,0.99999976
iQODyxvJRVeYHXU,0.9999999
RmgUFuuswwaaQrt,0.9999999
kEvNhAOQYMEzMZb,1.0
NnmdcLFMyzqzXqf,1.0
mIRnOUCUNiWMjcK,0.9999999
QtwWmsDFODtbkdr,0.99999845
fEEVjWljoAtuWUd,0.9999993
lMRhcUZSKsBDirx,1.0
ppRsarTiaWMGFjw,1.0
IXTkDOkaUvpkxKI,0.9999995
meWFpSIoyUdGhdD,1.0
ogaORYlHbbVLyWC,0.9999995
fdrtvyJfkNZJhZp,0.9999999
dKVqaVQgbweezMw,0.99999964
PaAwbEKafoDypZu,0.9999964
CFlDkftAoPqPgEm,1.0
BWnqGEcPXQfWwXr,0.9999988
HMCPRtvlomUSAYD,0.9999999
caQLGyByRmNIDjc,0.9999994
lTOgbUZCEEUmYKx,0.9999995
SrcSuBoFpSHcOEC,0.9999999
JXuEiawTjuQJxlF,0.9999994
QnfGrBwVvXjBaLX,0.99999857
GuNiEAzbJQAHLlM,0.9999999
kaZynGBcedTGmDq,0.9999999
rvDkVkFOtzTtmyz,1.0
fwOoIVuBXqmUtjI,0.9999999
rFbcmCpauYEeCqV,0.99999905
PaoDbkijEKReDrR,1.0
jUCaMOmQNzKlNNX,0.9999999
ATdkQEogDDHtTBQ,0.99999607
XGOTjrGMfBuRsbe,1.0
iduJzKSQGaAcfuC,1.0
zxAmKPpSaQptTAz,0.9999938
scVwpEwBUtMcRbh,0.9999999
fRgGgqPZdWMhQjw,0.9999999
VwfBGntUtBqpBnx,0.99999964
TPrgaabklqQXrgz,0.99999976
tspDowpBhCkWzTB,1.0
vPFrqvjMgNRuOTM,0.99999976
aYKcHQtqehNYLTc,0.9999987
hdYpZuGAHwAEEBC,0.9999974
FfaFUAtjYEkElzi,0.99999964
gasPaoaMpFzMxJP,1.0
BHbIBBlDRMSYnIh,0.99999976
qjYmqyanLVHGcpz,0.9999919
yQiyKpSkZgjQnes,1.0
FsvvfkHOzGdxfEK,0.9999999
iOVwIZSiXJSeDKS,1.0
qwuRzXAPBpCUFua,0.9999999
KUjnPYHaTsnHddS,0.9999943
oterairFUvfrxwk,1.0
DkyEUkAMiLEdKud,1.0
PiOZrFFsyenLgOg,0.9999999
rQwsNWkywNkeBWx,0.9999988
INXRhjKteKPtexn,0.9999963
ycVfZvnGJsjgLBt,0.9999999
ElpmPWArKCkRuie,0.9999987
pNhWgnZOJRhKmAU,1.0
KGZCxydGvAQfFhg,1.0
UABGRKpmIbuToIH,1.0
YzpaAdrVUabLgEv,0.9999999
xZLKyIpwFgdDCYq,0.9999999
QhpyZQORpdIMFit,0.9999999
nrijFiNFQuSJcbl,0.9999987
vbFKfjQXtNlXfzC,0.9999995
AeCDmzVdSepRtom,1.0
XWAINjzAJpswHNU,1.0
bLtoxrJlKZwKTMT,1.0
xYiSUxfEWFwzEcP,0.9999999
hbHWsirvDJSUTrK,0.9999994
rPuKnrkFBFHlAaL,0.99999964
jXCOpnkxhVpWVnm,1.0
IIlufMbikcEmKmI,0.99999976
quNbAVdhWBVmxMj,0.99999917
JqIkSzdSZlnXxav,1.0
MuUDtwNpehLMqXP,0.9999987
QxAoyoioyLqKoqT,0.9999999
rNzFpdzGHnfjiUK,1.0
lkotrNhYLRWjnju,0.99999964
RDNXvZrkzdICiNn,1.0
IZvnNZbihAeiDln,1.0
RJLKvXkXJxstzqB,0.9999999
AAuvmHUUMYlHLBj,0.99999964
YrdasLJubIViQir,1.0
WlPudRvpHSSVDXj,1.0
mfwbpQIfQAfYbpX,0.9999999
hFlbXMelfQrRurj,1.0
JSYTzgabGbjDXIx,0.9999982
RkWYMgxBgpanOIy,0.9999999
ApBfhyqpUtNsYsf,0.9999999
SHbWJroDVeUYHqB,1.0
HEGHUsUKerRoaoy,0.9999999
hNCDXQGVmNnBZYb,1.0
tnjkAvhGnWWTQVD,1.0
ZFXtlYSedoTbyQH,0.99998915
YnVtHKWJDGRkDto,0.9999999
CsiwRgMzBtWXbZJ,0.99999595
TZWdeinSWVMlguR,0.99999976
BlRKZpHmnroixgC,1.0
qhutfbbDPPxpIEj,0.9999994
DCtLNhBiTvaRwDg,1.0
lzQLdutTpHgeCYM,0.999997
wILsLIHRoMwaUdJ,0.9999999
tnSGBLQpmhNKoKn,0.9999993
iridUdXcTTxdfbu,0.99999964
xhcdKDSsnQTkOCd,0.9999999
MljBZtiWWqYqakg,0.99999976
PpqacHluwfrccHj,0.9999975
RyvqBiikMXnQBwX,0.9999999
MZaTJBhRhdzvSWk,1.0
CcDPLoJqjDALiTO,1.0
kJhQQnbEiAClzvM,0.99999917
WjFwonVoNwwzsHq,1.0
agEQDLsMBeVoJdp,1.0
PWpGOJIHuhMFJnn,0.9999999
dtfqXREEesbjWvt,1.0
dECUZWXnkBngEAB,0.9999987
nIkXSpWIuKLtPlo,1.0
ThvSpPiNgHVAwjN,0.99999905
iLUUtxgxVexXMIX,0.9999987
vBdwEywlgwiKrjn,1.0
gPUxJGeyixWVoWm,0.9999999
LMOFgeKzSGjVsCq,0.9999999
opDiPnBEAxlYmzR,0.9999999
VbTUwXreAuQRrzT,1.0
eFBMnWARHVvYwaY,1.0
xLgyJFoFWLMTzsJ,0.9999999
BzMZaorecUvgKlI,0.9999994
WNWcgQDjOlPOlbv,0.9999999
SLyFxOZQUYCWici,1.0
VmDSDClmmWwDaAq,1.0
gAjPiwIJWcHYvnm,0.99999976
LwbfTwmjHzaiFIm,0.9999999
CFvIeCLCwhCwvhW,0.9999999
mrXinXYLMxanMlF,1.0
hgedKKPnEgcoyru,1.0
NjTcNJUpsJbKnYz,1.0
WrnFCVXHkDyVfDd,0.9999999
pBysrDpFxPgxQFj,0.9999999
bMkoQDbggBrQGMj,0.99999833
AmEIvXvhuKXnGWA,1.0
WIultGxCpnUMPcy,0.99999976
BYVZfDJbkKHhmla,1.0
LUjAWiJHGNycVem,0.9999999
HEGuCBfsrDqjssX,0.99999976
gEWyszNGgmNzUva,0.9999999
DoxsMgpbGQzSGcm,1.0
mmAXEwjukSogoac,0.99999976
OFQzRUSMOHuElot,0.99999976
zzizmXeiNVTkoVz,0.99999964
psBlWDSbyisvtLv,1.0
EyeSkUZunHAaeWL,1.0
WlqpDgvnrBZaULa,0.9999999
VDimsZFcNMWIBxG,1.0
oZBkCzenxsRPRfg,0.9999999
mYHLXZdroXCAnUs,1.0
SLufarLMtUcEmEL,0.99999976
iqXGdUCLOzUHfEI,1.0
CZUAgXCkDbSRthG,0.9999975
YhdfLevruudTTRJ,0.99999964
ZAcLovsCszWcqUy,0.9999949
wsGwtQgiGTNldAW,0.9999999
bBMQWzsQPWYrMPg,1.0
IFeuePWATDrWwcy,0.9999944
GeTIIdjDKQgYuhP,0.9999993
leEMumSCNVogGgM,0.9999981
qIZpYvrxKVGfNRQ,0.9999994
HFCSEbzaXUBNRbJ,0.9999999
hoLuzTYzVeeztkG,1.0
fyPPkMaLldBvMTY,0.99999905
trRMnNZvDnFMpvs,0.9999999
QHcsiIdVraczHag,0.99999976
PcaXhzlWyjPbrzP,0.999998
RqLOdVmMdKfMBvt,1.0
armNdzbqmoUMFiL,0.99999857
PCxDqbnhXwRvQfE,0.9999999
IkKoCQQwTtgitHf,1.0
AEPaZSgFfneYkLS,1.0
genXazbHyEpCTmX,0.99999976
LbscTANozUVJVJz,1.0
lFwVPeyCWQccNnl,1.0
JyWRDDtPsKgRdVy,1.0
yohOylnpfFKwdTn,1.0
UcMWQCrVnVgdsOL,1.0
KHpEHMXsEQsartD,0.9999999
rWKFulnVgyfndCI,1.0
FkeEalyOZslKVBw,1.0
BaGkEaxFtglUKvf,1.0
IJZaGpmYEqBfxEA,1.0
fLBBhPWUdOBNtVh,0.9999862
ZIcnihapwUHlIdT,1.0
iiVtFehFYXYdruM,1.0
xmcovvTwuchNXGP,0.9999999
OxdPONJJimdLrbj,0.9999999
PCcJRtwWKubuQzR,0.9999999
bdPrSjEBlVmJHMj,0.99999976
xCyDcDFnFLpvduf,1.0
WqTNkWtSNUUcUSZ,0.9999999
GfhmecqfprFhZbE,0.9999242
UUnshDkamRvwmVU,1.0
UozoSrdhVMcKkOF,0.9999999
PuBGAWkqQmYmqhS,1.0
fJXYWdTVltuPmEn,0.99999976
UgoNzRiAbttJkwt,1.0
YjmVHUUcZIlPvxB,1.0
KBzJRYyMxvcWCYL,1.0
XaOScKtIXJEiGnU,0.99999976
jpKPxWXjqqzWULW,1.0
MJestlflSxrDhwI,1.0
QRbiHHeCOTJUNZt,1.0
pcRVxyWFNLgowIu,0.9999999
iVYBSgpLIumZNEI,1.0
ZUfBnHUuTpiqRry,1.0
ndBxCAOttByHTXd,0.99999976
vPOUXxufFYxOsIo,0.9999999
mCUwuxLXiIlFVkU,0.9999993
gxzaeIwqInVLIZU,0.9999974
NLGxQODGLzfnjzK,1.0
GKwHIlogUzRZBdu,0.9999999
dooMlsyvmkGyYdz,1.0
BTRLznlZobPLbgc,1.0
eavlYdRtmOuhRBm,0.9999999
vVOckqmWFiwSfWB,1.0
mLfBmJnixqECkJo,1.0
EbncKtENDdaCtjD,1.0
cdBECwwywpzwDIi,1.0
QNOsUjtmNSuXlAQ,0.9999982
fJIvscJpHQDvjnt,1.0
ZzuSqtqAztRggHA,1.0
BjgfHjXxhdgEkCf,0.99999976
SCyYyPeoPPINuSS,0.999998
oVdijgrEkLvdxyQ,0.99999976
vJcLPsJQFxSYtef,1.0
LLbTETMSuIPZEML,1.0
QyQZhiLPzeCpZLl,0.99999976
YzlrWQcmHcLvGok,0.9999995
ynkudDJUQvMWOzT,0.99999976
UyRsAvoYvcgdcGF,0.9999999
cOaPZlBjngHCoDf,0.99999976
ndcnQyPoPnsZmdS,1.0
WsBGNgkWGjnzCMR,1.0
IGgWmGbclAJRilu,1.0
OryTsXWSHddwBIQ,1.0
YNwoeUiCoZDENdj,1.0
PybUrxeZJRuiYQu,0.9999999
wkEgNPqtdQVYaPn,0.99998736
prStoxcCqtLWCko,1.0
LsAhchbNHwUTEHR,0.9999994
vAkpgJAJLgmmozp,1.0
bbEyMrPncxeaYSS,0.99999964
PcdfvVUxBKzJyuV,0.99999964
DwSkmWvZIryNGAN,0.99999976
SvrGJxmQpiKGRfq,1.0
UMxIetyhQXLlxZG,0.99999976
dykXdhxmfnLafGQ,1.0
rfGHEJXBiAnMlii,1.0
dIFGITzjzXzgfxo,1.0
RedbzqgndUZLsss,1.0
OhXbXmthUNVFIOW,0.9999995
PsVcLurbELEyCzv,0.9999982
cwvtGrzHtYBDzgp,0.9999999
AEJGkTGsvGnwBVQ,1.0
CtbetQNNyPvkika,0.99999976
AbJCeYagetldFLS,1.0
CLPBlySgUTGcQyZ,0.9999999
dIHPKZYgGkTePOp,0.9999999
QmNjbVNPbxupRff,0.9999999
aIvGIHYNejNUarS,0.9999995
NdijQevlBWBIMFa,1.0
FkrUpwwAADPavFm,0.9999999
vYGYnVnSKZYIonU,1.0
fHFwnZxmJiyRNKs,1.0
LcdaRwrPyGYwJTJ,1.0
NiEYhgbzmHRUOwD,1.0
NOMpJGPDcUWjOkK,0.9999999
fqLboPOghcHQUIa,1.0
HsPaLEhujqQNhOd,1.0
vrztVtThpdXnclq,0.99999976
lxsvObXNIeLzOSZ,0.9999974
qzuDvqyrfvIgfZc,1.0
iUfmPXhbJMUmrwE,1.0
ouiiCVrtEZuuAFE,0.99999964
yXmqsYwdYZhmxdT,0.99999964
wYcdPuiEAEuKJnd,1.0
VXejGNymeSvBBkG,0.99999964
SFSQEUejfwvqQag,0.99999976
GCIRJxGTmYxHeHP,1.0
lvFFaEfqPdPCCAg,0.9999999
ZELRvrWkDbGuiBi,1.0
KXBMNdkhOOEUUIv,0.9999993
OcDDMEjZkIrUfjY,0.9999999
ujzQblyCwPcAHkf,0.9999999
tSJrOmSTPADytzC,0.99999785
NDsHsdYRMpAargs,1.0
mgXlLlhNIQkyOsM,0.99999976
HxAMmJfVrRFYvdo,0.99999976
AYNWCptcTAvAubC,1.0
ELzjGcxVisoYinO,1.0
XovJimbOiuUVxdI,1.0
rNOtjSotntIsBvG,0.99999297
vvjewHUhTJLUuno,0.9999999
imXCVZPNaIphLdW,1.0
bfSnuOQiLiSGYMH,0.9999999
fbLQGogJRqCYgZe,1.0
BbADzkTbDKTOlLF,0.9999999
DkcyExPiEaWKiLT,0.9999999
GmUTMPfeuwhcACb,0.99999976
bgrexaMQuBgBwal,1.0
GJOldoNlraAWuDQ,1.0
hUOoAQDxqqOPbME,0.9999999
yzvtaPJZIfkeMaW,1.0
euJlxliuHPgGmiS,0.9999995
JdMKpddGpaAEPRW,0.9999999
ZFrAHUhBAJlDLez,0.9999999
AQzzefJGjmEyzzo,1.0
dRaFSWGyZvCWjLu,1.0
EPPQujTAGoXMMHx,0.9999987
IsEIwzGHwjRQuBw,0.99999964
cmCSxweUuRWmRrf,0.99999857
qObPQSDEszoUKbU,0.99999976
AMieWBtjEbmFLkg,1.0
UwbUimwmXKnKHKD,0.99999976
mayfvmasfRluHDS,1.0
nejzCFfvyEnTYju,0.99999964
dfDYulmoQLXdCbt,0.9999994
SAYogamasXRGOqG,0.9999999
XpzbrxZGCQCsSQl,1.0
eGrcvEhdtMtKeyp,0.99999917
hqvqETrQIYdcknM,1.0
BltTLwMKcfJkcVR,0.9999964
tJmghpPStPVfxOJ,1.0
MTFOoyoJsmKPXHI,0.9999989
NjxCabWqSzFHIcn,0.9999999
wmpxHLeCUYfCGpz,0.99999976
JSnpkFBXNxSCtqW,0.9999999
iwTFTjwIJzhOuDG,1.0
MMgNQkHRhGJTTll,0.9999981
ZTaGGfOwRemLYjC,0.99999976
NgWoPjowPFpIowL,0.99999917
FXGHSoSaTBJRUSl,0.99999976
JvDANZwmHFjTgSA,0.9999968
DSovrrRDVhEiomC,0.99999845
DSpiIGAVEnUzhvw,1.0
FLwvMFWzxUgDoKq,0.9999993
PwBsORArgLwAzIo,0.99999726
yIpgIPbvCNRNFIE,0.9999999
FOIDsiireCAXEgR,0.99999917
MeSuNtGNHzWTnZw,0.9999999
mZeRvaOfYmoUEjX,0.9999993
BgJIoZAuWtwkKOh,0.9999999
rwqAoAOHdRrQkGU,0.9999981
EaxVgHpAOgufiSy,0.99999964
vwNypLMgaIGeGzx,1.0
WaVnkZYSCbUfggq,0.99999976
UHpupubyjlVNrrF,1.0
gueaoiiptFpfnqq,0.99999976
PiqmuLYZaScBHZN,0.9999845
bVHmVtHqrRzYvMP,0.99999964
McNFhsJPtbqnajF,1.0
jTOeXKvFfHsctcq,0.99999976
dZYkAsYQCOwfeQO,1.0
MMicjczIRFJOcWX,1.0
EtxlhZBzGVEooUm,0.9999993
cUwcEomusmWokAC,0.99999833
mBrVBxWksAQeNpP,1.0
dWQreFMJiZLEIhX,1.0
OVFUGjSfYhJyXME,0.9999999
qdIZIBmDxOYMJyv,1.0
msZtPyjJwWmDraR,1.0
KKAMdvSvWWZqMBZ,1.0
rvmGpbLflojNoVX,0.9999893
pjfTbrctxBUuopX,0.9999999
EBtZXxXfycMyfgZ,0.99999976
tkVLqsYeoBkHdDP,1.0
zpyHhRNRsvolDHD,0.99999976
VpKZadIvBBVVUqZ,0.9999999
hLKBCQaJlFVmTqr,0.9999988
arbJUJEHSkSQbTZ,0.99999845
iEwyDtLFPEYFeIT,0.99999034
cCuawwQCNnmkOCU,1.0
ajXSDoDtPexCbsF,1.0
gJuInawkNjjuevU,0.9999963
ouJTHUgsAJLMxHW,1.0
ycBQEyzgVDdDWjv,0.9999999
NZGvHasahIBsiKp,0.9999994
DFCNKXdwWLUHxop,1.0
uVWdiLMIoJRWgIk,0.99999976
dNUQmyaeOlPVfGx,0.9999995
hopglQNzlORhsiE,1.0
PoYNwOIClUbSzgl,1.0
FwOlyWfhUFkVrtz,0.99999976
DFmrUTVpvDNUuAi,0.9999999
SHghWCrQVWjLFmv,0.99999976
EtrSMgQTYUUvmbi,0.9999999
ClcGLwDLUDLvcdg,1.0
coPcYaWYiQWiWXz,1.0
hmYwWVssvOMJvWd,0.9999999
PJfbOBcQFNgoyGN,1.0
bbfNMKpgXuAIoXr,0.9999994
pnwdEqHVICAjriP,0.9999995
btnLCrLRoRgerDs,1.0
RZxsAAESJQJTUeQ,1.0
DHzpbswbqXxKMBa,1.0
fkARcRQsPwdstmT,0.9999999
ogNiTKJEmKJyqcv,0.9999999
VNFgChCAEanKnBW,0.99999964
toGjHmonoldqasu,0.9999999
XmzwMjkJgGoqRIk,0.99999976
OwwedPescAHlNSY,0.99999607
oMBBDCaHCUJEZwT,0.9999999
fZWJuCqaKJRiaQv,0.9999989
gwAjofVsNIjqvnx,0.9999999
FiSJEZHPgewRYxe,0.99999964
prhObJPXwiujEmY,0.99999917
NZCkawBsMvphFyg,1.0
ycUuFXlDNdKWJgn,0.9999999
ZQVOWVnrlGIEqmt,0.9999999
ojvotGmRFnwleCL,0.99999654
OdCZwrRVFqohDcO,0.9999999
uHYykktIkmGQLBK,0.99999154
bgqQDvrEaZqGLkQ,0.9999999
HqxTdpIbowHCnME,1.0
VDKsTeOLyqeKtGn,1.0
NoobvAnHLlBBxlQ,0.9999999
DYThQsxbcsqbsbD,1.0
ztorHQKWopYhlbU,0.9999999
lEAEUeRIAqvhNzf,1.0
GdduSlaHjFXhmVz,0.9999999
YyGKXKVCiQehMmK,0.9999939
bLqHLoFgCgtvSis,0.9999988
WLMZTtasiDVTgWi,0.99999964
wXelzQTbYShHkkF,0.99999976
QPfqMHlCMfcnsgN,1.0
VCJZjkfZYBmRFZT,0.9999999
IlifBVfGGNhEPdM,0.99999976
YjtihecPQRIvQtB,0.99999785
kdNVpVvenPxNOIn,0.9999995
RSWKlAMHRdopgUb,0.99999964
LsrljkqqRDWGjyW,0.99999976
efAiymKjksLDCYn,0.99999845
AYToEyUejmtjOjV,1.0
PpoXYNpceRIfxbR,0.9999999
lGFQPvqCpVrbXyh,1.0
ScvcrMvWzxYDXKT,0.99999976
yoCvGGTqBkvziFK,0.9999999
BmSrWvzrriPuQOh,0.99999976
HfXCITRCHqrLOda,1.0
uQLYKtTCnvWWGVu,0.9999995
gYWbwjUOZrOlTzQ,1.0
esJzIdnRkHNVvjq,0.99999976
